{
	"class_name" : "PinholeCameraParameters",
	"extrinsic" : 
	[
		0.035211502100000,
		-0.999379840100000,
		-0.000289979553000,
		-0.002535491510000,
		0.012753126900000,
		0.000739471236000,
		-0.999918402000000,
		0.211536992000000,
		0.999298508000000,
		0.035204930800000,
		0.012771255800000,
		0.002583103040000,
		0.000000000000000,
		0.000000000000000,
		0.000000000000000,
		1.000000000000000
	],
	
	"intrinsic" : 
	{
		"height" : 960,
		"intrinsic_matrix" : 
		[
			815.69219381653056,
			0.0,
			0.0,
			0.0,
			815.69219381653056,
			0.0,
			810.0,
			480.0,
			1.0
		],
		"width" : 1920
	},
	"version_major" : 1,
	"version_minor" : 0
}


	
